{
    "@context": "http://schema.org",
    "@type": "Movie",
    "url": "/title/tt0978764/",
    "name": "Sucker Punch",
    "image": "https://m.media-amazon.com/images/M/MV5BNDEwNGRlNjQtZjI4OC00ZmMxLWEyYmQtNGI1NDk4YmUyYTNkXkEyXkFqcGdeQXVyNjQ2MjQ5NzM@._V1_.jpg",
    "genre": [
      "Action",
      "Adventure",
      "Fantasy"
    ],
    "contentRating": "PG-13",
    "actor": [
      {
        "@type": "Person",
        "url": "/name/nm0115161/",
        "name": "Emily Browning"
      },
      {
        "@type": "Person",
        "url": "/name/nm1227814/",
        "name": "Vanessa Hudgens"
      },
      {
        "@type": "Person",
        "url": "/name/nm0180411/",
        "name": "Abbie Cornish"
      },
      {
        "@type": "Person",
        "url": "/name/nm0540441/",
        "name": "Jena Malone"
      }
    ],
    "director": {
      "@type": "Person",
      "url": "/name/nm0811583/",
      "name": "Zack Snyder"
    },
    "creator": [
      {
        "@type": "Person",
        "url": "/name/nm0811583/",
        "name": "Zack Snyder"
      },
      {
        "@type": "Person",
        "url": "/name/nm0793122/",
        "name": "Steve Shibuya"
      },
      {
        "@type": "Person",
        "url": "/name/nm0811583/",
        "name": "Zack Snyder"
      },
      {
        "@type": "Organization",
        "url": "/company/co0002663/"
      },
      {
        "@type": "Organization",
        "url": "/company/co0159111/"
      },
      {
        "@type": "Organization",
        "url": "/company/co0199432/"
      },
      {
        "@type": "Organization",
        "url": "/company/co0305950/"
      }
    ],
    "description": "Sucker Punch is a movie starring Emily Browning, Vanessa Hudgens, and Abbie Cornish. A young girl institutionalized by her abusive stepfather retreats to an alternative reality as a coping strategy and envisions a plan to help her...",
    "datePublished": "2011-03-24",
    "keywords": "schoolgirl uniform,escape,alternate reality,samurai,prostitution",
    "aggregateRating": {
      "@type": "AggregateRating",
      "ratingCount": 234339,
      "bestRating": "10.0",
      "worstRating": "1.0",
      "ratingValue": "6.0"
    },
    "review": {
      "@type": "Review",
      "itemReviewed": {
        "@type": "CreativeWork",
        "url": "/title/tt0978764/"
      },
      "author": {
        "@type": "Person",
        "name": "xngrjw"
      },
      "dateCreated": "2020-01-19",
      "inLanguage": "English",
      "name": "3 Reasons To Watch",
      "reviewBody": "You are a heterosexual or lesbian and love beautiful thin women who can move, dance, act and are deliciously sledner and long-haired.\n\nYou love action and fantasy and love the thrill of movies that are original.\n\nYou love special effects and love being immersed in realms of vivid color.",
      "reviewRating": {
        "@type": "Rating",
        "worstRating": "1",
        "bestRating": "10",
        "ratingValue": "8"
      }
    },
    "duration": "PT1H50M",
    "trailer": {
      "@type": "VideoObject",
      "name": "Sucker Punch: Trailer #1",
      "embedUrl": "/video/imdb/vi107256089",
      "thumbnail": {
        "@type": "ImageObject",
        "contentUrl": "https://m.media-amazon.com/images/M/MV5BMTUzOTc5OTk3NF5BMl5BanBnXkFtZTgwMjM0NDIzMzE@._V1_.jpg"
      },
      "thumbnailUrl": "https://m.media-amazon.com/images/M/MV5BMTUzOTc5OTk3NF5BMl5BanBnXkFtZTgwMjM0NDIzMzE@._V1_.jpg",
      "description": "A young girl is institutionalized by her wicked stepfather. Retreating to an alternative reality as a coping strategy, she envisions a plan which will help her escape from the facility.",
      "uploadDate": "2010-11-05T15:26:54Z"
    }
  }